{
    "root_group": {
        "name": "",
        "path": "",
        "id": "d41d8cd98f00b204e9800998ecf8427e",
        "groups": {},
        "checks": {
                "api status 200": {
                    "passes": 622,
                    "fails": 0,
                    "name": "api status 200",
                    "path": "::api status 200",
                    "id": "f5821f1464d1e7523530ad885834cea9"
                }
            }
    },
    "metrics": {
        "checks": {
            "passes": 622,
            "fails": 0,
            "value": 1
        },
        "vus": {
            "value": 1,
            "min": 1,
            "max": 13
        },
        "http_req_failed": {
            "passes": 0,
            "fails": 622,
            "thresholds": {
                "rate<0.20": false
            },
            "value": 0
        },
        "http_req_connecting": {
            "max": 16.687246,
            "p(90)": 0,
            "p(95)": 0.5122514,
            "avg": 0.11205396302250803,
            "min": 0,
            "med": 0
        },
        "http_req_tls_handshaking": {
            "max": 0,
            "p(90)": 0,
            "p(95)": 0,
            "avg": 0,
            "min": 0,
            "med": 0
        },
        "http_req_duration{expected_response:true}": {
            "avg": 248.7927882427649,
            "min": 60.548395,
            "med": 62.274339,
            "max": 2007.464773,
            "p(90)": 899.4678342,
            "p(95)": 1183.1027445499985
        },
        "http_req_waiting": {
            "avg": 248.65726763344045,
            "min": 60.440791,
            "med": 62.1582045,
            "max": 2007.265446,
            "p(90)": 899.360639,
            "p(95)": 1183.0095403999985
        },
        "data_sent": {
            "count": 68530,
            "rate": 880.9424087045761
        },
        "http_req_duration": {
            "med": 62.274339,
            "max": 2007.464773,
            "p(90)": 899.4678342,
            "p(95)": 1183.1027445499985,
            "avg": 248.7927882427649,
            "min": 60.548395
        },
        "data_received": {
            "count": 176150,
            "rate": 2264.380640497754
        },
        "iteration_duration": {
            "p(90)": 899.7557171,
            "p(95)": 1183.4306886499985,
            "avg": 249.24485219131847,
            "min": 60.776005,
            "med": 62.6048445,
            "max": 2007.704618
        },
        "http_req_receiving": {
            "avg": 0.09740672186495183,
            "min": 0.045723,
            "med": 0.0857555,
            "max": 0.858131,
            "p(90)": 0.11570639999999997,
            "p(95)": 0.15220624999999985
        },
        "http_req_sending": {
            "p(95)": 0.08070159999999989,
            "avg": 0.03811388745980711,
            "min": 0.014662,
            "med": 0.026084,
            "max": 1.468034,
            "p(90)": 0.05819469999999999
        },
        "http_req_blocked": {
            "p(95)": 0.59749955,
            "avg": 0.13306028778135054,
            "min": 0.005082,
            "med": 0.007523,
            "max": 16.768707,
            "p(90)": 0.06904479999999952
        },
        "iterations": {
            "rate": 7.995712508598372,
            "count": 622
        },
        "http_reqs": {
            "count": 622,
            "rate": 7.995712508598372
        },
        "vus_max": {
            "value": 60,
            "min": 60,
            "max": 60
        }
    }
}