{
    "metrics": {
        "http_req_receiving": {
            "avg": 0.1013579484808453,
            "min": 0.061785,
            "med": 0.088472,
            "max": 1.195934,
            "p(90)": 0.1148024,
            "p(95)": 0.14344299999999938
        },
        "http_req_duration": {
            "max": 1355.721696,
            "p(90)": 96.34517879999994,
            "p(95)": 599.7123493999957,
            "avg": 120.62313460237782,
            "min": 60.583556,
            "med": 61.829708
        },
        "http_req_sending": {
            "med": 0.026939,
            "max": 5.236741,
            "p(90)": 0.053828399999999964,
            "p(95)": 0.06883939999999995,
            "avg": 0.03869819947159843,
            "min": 0.014958
        },
        "data_received": {
            "count": 214234,
            "rate": 2264.10774325341
        },
        "http_reqs": {
            "count": 757,
            "rate": 8.000268685842729
        },
        "vus": {
            "value": 1,
            "min": 1,
            "max": 10
        },
        "http_req_blocked": {
            "p(95)": 0.5660839999999998,
            "avg": 0.056734517833553516,
            "min": 0.005256,
            "med": 0.007525,
            "max": 1.745988,
            "p(90)": 0.013840399999999945
        },
        "http_req_connecting": {
            "avg": 0.04232824042272128,
            "min": 0,
            "med": 0,
            "max": 1.653864,
            "p(90)": 0,
            "p(95)": 0.4849753999999998
        },
        "http_req_waiting": {
            "avg": 120.48307845442537,
            "min": 60.47084,
            "med": 61.691769,
            "max": 1355.613026,
            "p(90)": 96.04487419999997,
            "p(95)": 599.6148933999958
        },
        "iteration_duration": {
            "p(90)": 96.99503859999993,
            "p(95)": 599.9911461999958,
            "avg": 120.99931163936594,
            "min": 60.821004,
            "med": 62.210715,
            "max": 1356.045768
        },
        "checks": {
            "passes": 757,
            "fails": 0,
            "value": 1
        },
        "http_req_failed": {
            "passes": 0,
            "fails": 757,
            "thresholds": {
                "rate<0.20": false
            },
            "value": 0
        },
        "vus_max": {
            "value": 60,
            "min": 60,
            "max": 60
        },
        "http_req_duration{expected_response:true}": {
            "med": 61.829708,
            "max": 1355.721696,
            "p(90)": 96.34517879999994,
            "p(95)": 599.7123493999957,
            "avg": 120.62313460237782,
            "min": 60.583556
        },
        "data_sent": {
            "count": 83270,
            "rate": 880.0295554427003
        },
        "iterations": {
            "rate": 8.000268685842729,
            "count": 757
        },
        "http_req_tls_handshaking": {
            "min": 0,
            "med": 0,
            "max": 0,
            "p(90)": 0,
            "p(95)": 0,
            "avg": 0
        }
    },
    "root_group": {
        "name": "",
        "path": "",
        "id": "d41d8cd98f00b204e9800998ecf8427e",
        "groups": {},
        "checks": {
                "api status 200": {
                    "passes": 757,
                    "fails": 0,
                    "name": "api status 200",
                    "path": "::api status 200",
                    "id": "f5821f1464d1e7523530ad885834cea9"
                }
            }
    }
}