{
    "metrics": {
        "http_req_duration": {
            "med": 62.6123985,
            "max": 4058.054156,
            "p(90)": 1491.0859153999997,
            "p(95)": 2298.2453447499965,
            "avg": 349.02564865691477,
            "min": 0.56431
        },
        "iterations": {
            "count": 752,
            "rate": 7.996211617128408
        },
        "http_req_tls_handshaking": {
            "avg": 0,
            "min": 0,
            "med": 0,
            "max": 0,
            "p(90)": 0,
            "p(95)": 0
        },
        "checks": {
            "passes": 712,
            "fails": 40,
            "value": 0.9468085106382979
        },
        "http_req_duration{expected_response:true}": {
            "avg": 368.59651211797745,
            "min": 60.676556,
            "med": 62.727543999999995,
            "max": 4058.054156,
            "p(90)": 1534.3669819999996,
            "p(95)": 2371.043655699999
        },
        "vus": {
            "value": 1,
            "min": 0,
            "max": 25
        },
        "http_req_sending": {
            "avg": 0.036277820478723424,
            "min": 0.014683,
            "med": 0.026853000000000002,
            "max": 0.907662,
            "p(90)": 0.06816209999999999,
            "p(95)": 0.08504584999999998
        },
        "http_req_blocked": {
            "avg": 0.21805070478723426,
            "min": 0.005266,
            "med": 0.007597,
            "max": 15.628113,
            "p(90)": 0.5780318,
            "p(95)": 1.6478775499999982
        },
        "http_req_connecting": {
            "med": 0,
            "max": 4.533602,
            "p(90)": 0.49393309999999996,
            "p(95)": 1.559707,
            "avg": 0.17469165824468083,
            "min": 0
        },
        "iteration_duration": {
            "avg": 349.5802583244682,
            "min": 0.772503,
            "med": 63.2108665,
            "max": 4058.355971,
            "p(90)": 1491.2895070999998,
            "p(95)": 2298.9170125999967
        },
        "http_req_failed": {
            "fails": 712,
            "passes": 40,
            "thresholds": {
                "rate<0.20": false
            },
            "value": 0.05319148936170213
        },
        "vus_max": {
            "value": 60,
            "min": 60,
            "max": 60
        },
        "http_req_receiving": {
            "max": 3.347789,
            "p(90)": 0.1203865,
            "p(95)": 0.1621457999999999,
            "avg": 0.10739117819148938,
            "min": 0.052972,
            "med": 0.089276
        },
        "data_sent": {
            "count": 82830,
            "rate": 880.7529364983325
        },
        "http_reqs": {
            "count": 752,
            "rate": 7.996211617128408
        },
        "http_req_waiting": {
            "max": 4057.924685,
            "p(90)": 1490.9753617999997,
            "p(95)": 2298.1224331499966,
            "avg": 348.88197965824463,
            "min": 0.437797,
            "med": 62.45472650000001
        },
        "data_received": {
            "count": 208643,
            "rate": 2218.555293128354
        }
    },
    "root_group": {
        "name": "",
        "path": "",
        "id": "d41d8cd98f00b204e9800998ecf8427e",
        "groups": {},
        "checks": {
                "api status 200": {
                    "path": "::api status 200",
                    "id": "f5821f1464d1e7523530ad885834cea9",
                    "passes": 712,
                    "fails": 40,
                    "name": "api status 200"
                }
            }
    }
}