{
    "root_group": {
        "groups": {},
        "checks": {
                "api status 200": {
                    "name": "api status 200",
                    "path": "::api status 200",
                    "id": "f5821f1464d1e7523530ad885834cea9",
                    "passes": 702,
                    "fails": 40
                }
            },
        "name": "",
        "path": "",
        "id": "d41d8cd98f00b204e9800998ecf8427e"
    },
    "metrics": {
        "http_req_receiving": {
            "med": 0.086601,
            "max": 0.562008,
            "p(90)": 0.11212069999999999,
            "p(95)": 0.13408334999999982,
            "avg": 0.09416172506738536,
            "min": 0.047487
        },
        "http_req_blocked": {
            "p(95)": 1.70849515,
            "avg": 0.2867685283018871,
            "min": 0.005318,
            "med": 0.0076124999999999995,
            "max": 21.838795,
            "p(90)": 0.6251755999999999
        },
        "vus_max": {
            "max": 60,
            "value": 60,
            "min": 60
        },
        "http_req_duration": {
            "avg": 172.672181878706,
            "min": 0.555961,
            "med": 62.280578,
            "max": 1910.117248,
            "p(90)": 501.7454366,
            "p(95)": 1103.8169142499983
        },
        "iteration_duration": {
            "avg": 173.28034812398917,
            "min": 0.768454,
            "med": 62.5754255,
            "max": 1932.173723,
            "p(90)": 502.00548839999993,
            "p(95)": 1105.7435578499983
        },
        "http_req_connecting": {
            "min": 0,
            "med": 0,
            "max": 21.747,
            "p(90)": 0.5107548,
            "p(95)": 1.60289405,
            "avg": 0.25847503504043123
        },
        "http_req_sending": {
            "avg": 0.039633005390835536,
            "min": 0.014508,
            "med": 0.026835,
            "max": 1.041038,
            "p(90)": 0.07247579999999999,
            "p(95)": 0.09525839999999995
        },
        "http_reqs": {
            "count": 742,
            "rate": 7.997617438713399
        },
        "data_received": {
            "count": 205720,
            "rate": 2217.3448241133697
        },
        "data_sent": {
            "count": 81730,
            "rate": 880.9235488760729
        },
        "http_req_tls_handshaking": {
            "avg": 0,
            "min": 0,
            "med": 0,
            "max": 0,
            "p(90)": 0,
            "p(95)": 0
        },
        "checks": {
            "fails": 40,
            "passes": 702,
            "value": 0.9460916442048517
        },
        "vus": {
            "value": 0,
            "min": 0,
            "max": 11
        },
        "http_req_failed": {
            "passes": 40,
            "fails": 702,
            "thresholds": {
                "rate<0.20": false
            },
            "value": 0.05390835579514825
        },
        "http_req_duration{expected_response:true}": {
            "avg": 182.46678233618218,
            "min": 60.340605,
            "med": 62.3395555,
            "max": 1910.117248,
            "p(90)": 616.2272136999993,
            "p(95)": 1129.9518524
        },
        "iterations": {
            "count": 742,
            "rate": 7.997617438713399
        },
        "http_req_waiting": {
            "avg": 172.53838714824798,
            "min": 0.465685,
            "med": 62.155753000000004,
            "max": 1909.942393,
            "p(90)": 501.63983179999997,
            "p(95)": 1103.6284288999982
        }
    }
}