{
    "metrics": {
        "checks": {
            "fails": 40,
            "passes": 705,
            "value": 0.9463087248322147
        },
        "http_req_duration": {
            "max": 729.496677,
            "p(90)": 72.5045796,
            "p(95)": 92.54626819999989,
            "avg": 76.95875656510066,
            "min": 0.554509,
            "med": 63.030522
        },
        "http_req_blocked": {
            "max": 25.148061,
            "p(90)": 0.6275636000000001,
            "p(95)": 1.6070948,
            "avg": 0.22229078523489923,
            "min": 0.005375,
            "med": 0.007826
        },
        "iteration_duration": {
            "med": 63.569925,
            "max": 729.870396,
            "p(90)": 74.0557756,
            "p(95)": 94.37912379999989,
            "avg": 77.48038694362418,
            "min": 0.804145
        },
        "http_req_duration{expected_response:true}": {
            "avg": 81.2813264326241,
            "min": 60.735881,
            "med": 63.20779,
            "max": 729.496677,
            "p(90)": 73.9490466,
            "p(95)": 95.27757479999997
        },
        "http_req_waiting": {
            "med": 62.893125,
            "max": 729.389402,
            "p(90)": 72.36828179999999,
            "p(95)": 92.40320159999989,
            "avg": 76.81581140402685,
            "min": 0.460595
        },
        "http_req_receiving": {
            "med": 0.088517,
            "max": 1.509163,
            "p(90)": 0.112424,
            "p(95)": 0.1279648,
            "avg": 0.09648292214765106,
            "min": 0.049735
        },
        "http_req_sending": {
            "max": 6.59861,
            "p(90)": 0.0725866,
            "p(95)": 0.09366499999999996,
            "avg": 0.04646223892617452,
            "min": 0.015457,
            "med": 0.027449
        },
        "vus": {
            "value": 1,
            "min": 0,
            "max": 5
        },
        "http_req_failed": {
            "passes": 40,
            "fails": 705,
            "thresholds": {
                "rate<0.20": false
            },
            "value": 0.053691275167785234
        },
        "http_reqs": {
            "count": 745,
            "rate": 8.001767010639538
        },
        "http_req_connecting": {
            "avg": 0.16644899597315438,
            "min": 0,
            "med": 0,
            "max": 2.280344,
            "p(90)": 0.5211222,
            "p(95)": 1.5196526
        },
        "data_received": {
            "count": 206447,
            "rate": 2217.3701933496654
        },
        "http_req_tls_handshaking": {
            "med": 0,
            "max": 0,
            "p(90)": 0,
            "p(95)": 0,
            "avg": 0,
            "min": 0
        },
        "vus_max": {
            "value": 60,
            "min": 60,
            "max": 60
        },
        "data_sent": {
            "count": 81950,
            "rate": 880.1943711703492
        },
        "iterations": {
            "count": 745,
            "rate": 8.001767010639538
        }
    },
    "root_group": {
        "name": "",
        "path": "",
        "id": "d41d8cd98f00b204e9800998ecf8427e",
        "groups": {},
        "checks": {
                "api status 200": {
                    "id": "f5821f1464d1e7523530ad885834cea9",
                    "passes": 705,
                    "fails": 40,
                    "name": "api status 200",
                    "path": "::api status 200"
                }
            }
    }
}