{
    "root_group": {
        "name": "",
        "path": "",
        "id": "d41d8cd98f00b204e9800998ecf8427e",
        "groups": {},
        "checks": {
                "api status 200": {
                    "name": "api status 200",
                    "path": "::api status 200",
                    "id": "f5821f1464d1e7523530ad885834cea9",
                    "passes": 756,
                    "fails": 0
                }
            }
    },
    "metrics": {
        "vus_max": {
            "min": 60,
            "max": 60,
            "value": 60
        },
        "http_req_waiting": {
            "avg": 163.75149580158737,
            "min": 60.492605,
            "med": 61.959986,
            "max": 1968.384769,
            "p(90)": 338.97774649999997,
            "p(95)": 1080.3816295
        },
        "http_req_sending": {
            "med": 0.027359,
            "max": 1.349497,
            "p(90)": 0.059395,
            "p(95)": 0.07245950000000001,
            "avg": 0.03510380423280425,
            "min": 0.015397
        },
        "http_req_receiving": {
            "max": 4.800097,
            "p(90)": 0.12309500000000001,
            "p(95)": 0.1639135,
            "avg": 0.11335843386243383,
            "min": 0.060171,
            "med": 0.08974199999999999
        },
        "data_received": {
            "rate": 2264.731443097742,
            "count": 213992
        },
        "http_req_tls_handshaking": {
            "avg": 0,
            "min": 0,
            "med": 0,
            "max": 0,
            "p(90)": 0,
            "p(95)": 0
        },
        "http_req_failed": {
            "passes": 0,
            "fails": 756,
            "thresholds": {
                "rate<0.20": false
            },
            "value": 0
        },
        "http_req_duration": {
            "p(95)": 1080.51135525,
            "avg": 163.89995803968236,
            "min": 60.603063,
            "med": 62.082592,
            "max": 1968.510234,
            "p(90)": 339.0864735
        },
        "data_sent": {
            "count": 83160,
            "rate": 880.1033067030928
        },
        "http_req_connecting": {
            "med": 0,
            "max": 1.03688,
            "p(90)": 0,
            "p(95)": 0.45773175,
            "avg": 0.03966399338624338,
            "min": 0
        },
        "http_reqs": {
            "count": 756,
            "rate": 8.000939151846298
        },
        "http_req_duration{expected_response:true}": {
            "med": 62.082592,
            "max": 1968.510234,
            "p(90)": 339.0864735,
            "p(95)": 1080.51135525,
            "avg": 163.89995803968236,
            "min": 60.603063
        },
        "http_req_blocked": {
            "avg": 0.05479294312169305,
            "min": 0.00534,
            "med": 0.0074365,
            "max": 1.104476,
            "p(90)": 0.0250745,
            "p(95)": 0.5432245
        },
        "checks": {
            "passes": 756,
            "fails": 0,
            "value": 1
        },
        "vus": {
            "value": 1,
            "min": 1,
            "max": 14
        },
        "iteration_duration": {
            "p(95)": 1080.79513,
            "avg": 164.28327185317465,
            "min": 60.851685,
            "med": 62.4444055,
            "max": 1968.809697,
            "p(90)": 339.3593535
        },
        "iterations": {
            "count": 756,
            "rate": 8.000939151846298
        }
    }
}