{
    "metrics": {
        "http_req_sending": {
            "avg": 0.036897623355263164,
            "min": 0.015133,
            "med": 0.0266905,
            "max": 1.156582,
            "p(90)": 0.07193170000000004,
            "p(95)": 0.08457494999999998
        },
        "iterations": {
            "count": 608,
            "rate": 8.004712002895573
        },
        "http_req_connecting": {
            "p(95)": 1.5092982499999998,
            "avg": 0.20027240296052634,
            "min": 0,
            "med": 0,
            "max": 1.869099,
            "p(90)": 0.6205957000000017
        },
        "http_req_failed": {
            "passes": 40,
            "fails": 568,
            "thresholds": {
                "rate<0.20": false
            },
            "value": 0.06578947368421052
        },
        "vus_max": {
            "value": 60,
            "min": 60,
            "max": 60
        },
        "http_req_tls_handshaking": {
            "min": 0,
            "med": 0,
            "max": 0,
            "p(90)": 0,
            "p(95)": 0,
            "avg": 0
        },
        "vus": {
            "value": 1,
            "min": 0,
            "max": 12
        },
        "data_received": {
            "count": 167768,
            "rate": 2208.773887009514
        },
        "http_req_receiving": {
            "p(95)": 0.1274801,
            "avg": 0.10440739144736842,
            "min": 0.056123,
            "med": 0.086631,
            "max": 2.733246,
            "p(90)": 0.1088352
        },
        "checks": {
            "passes": 568,
            "fails": 40,
            "value": 0.9342105263157895
        },
        "http_req_blocked": {
            "avg": 0.22283563815789476,
            "min": 0.005513,
            "med": 0.007688499999999999,
            "max": 1.94024,
            "p(90)": 0.693049500000001,
            "p(95)": 1.59497885
        },
        "iteration_duration": {
            "med": 62.4454895,
            "max": 1760.956628,
            "p(90)": 263.51119880000164,
            "p(95)": 840.5323925,
            "avg": 143.25299166611842,
            "min": 0.823846
        },
        "http_req_duration": {
            "avg": 142.72147951315782,
            "min": 0.562706,
            "med": 61.671075,
            "max": 1759.601119,
            "p(90)": 263.24044180000163,
            "p(95)": 840.26025585
        },
        "http_req_duration{expected_response:true}": {
            "avg": 152.7205511883802,
            "min": 59.708983,
            "med": 61.7767985,
            "max": 1759.601119,
            "p(90)": 328.4947419000006,
            "p(95)": 908.4219191499986
        },
        "http_reqs": {
            "count": 608,
            "rate": 8.004712002895573
        },
        "http_req_waiting": {
            "p(90)": 263.1430728000016,
            "p(95)": 840.15205825,
            "avg": 142.5801744983553,
            "min": 0.482091,
            "med": 61.537274499999995,
            "max": 1759.468416
        },
        "data_sent": {
            "count": 66880,
            "rate": 880.518320318513
        }
    },
    "root_group": {
        "name": "",
        "path": "",
        "id": "d41d8cd98f00b204e9800998ecf8427e",
        "groups": {},
        "checks": {
                "api status 200": {
                    "passes": 568,
                    "fails": 40,
                    "name": "api status 200",
                    "path": "::api status 200",
                    "id": "f5821f1464d1e7523530ad885834cea9"
                }
            }
    }
}